{
  "features": {
    "vibration": {
      "mean": 0.1486468295665581,
      "std": 0.019971420735592098
    }
  }
}